{
  "config": {
    "N": 5,
    "R": 3,
    "T": 5,
    "tau": 3,
    "rho": 1.0,
    "learning_rates": {
      "fl": 0.001,
      "actor": 0.001,
      "critic": 0.001
    },
    "model_architectures": {
      "r1": "四层CNN(48,96,192,256)+FC(512,64,10)",
      "r2": "双层CNN(32,64)+FC(64,10)",
      "r3": "双层MLP(128,10)"
    }
  },
  "baseline_fl_training": {
    "1": {
      "metrics": {
        "rounds": 5
      },
      "has_model": true
    },
    "2": {
      "metrics": {
        "rounds": 3
      },
      "has_model": true
    },
    "3": {
      "metrics": {
        "rounds": 1
      },
      "has_model": true
    }
  },
  "training_results": {
    "episode_rewards": {
      "1": [
        -134913.11972005083,
        -134498.9376532135
      ],
      "2": [
        -6050645.634451779,
        -6050491.675606324
      ],
      "3": [
        -4470359.06108118,
        -4505294.458942064
      ]
    },
    "episode_lengths": [
      3,
      3
    ],
    "cumulative_rewards": {
      "1": [
        -129054.41590147949,
        -128981.71735962611
      ],
      "2": [
        -5753125.064221717,
        -5752982.777034711
      ],
      "3": [
        -4245183.382034791,
        -4278372.113072285
      ]
    },
    "training_metrics": {},
    "accuracy_trends": {
      "1": [
        0.5008,
        0.5648,
        0.6052,
        0.5544,
        0.6348,
        0.664,
        0.685,
        0.6592
      ],
      "2": [
        0.8865,
        0.8925,
        0.892,
        0.8925,
        0.8963333333333333,
        0.9003333333333333,
        0.9025,
        0.9003333333333333
      ],
      "3": [
        0.9708333333333333,
        0.9705,
        0.972,
        0.9705,
        0.9721666666666666,
        0.9728333333333333,
        0.9731666666666666,
        0.9728333333333333
      ]
    },
    "action_logs": [
      [
        {
          "step": 0,
          "services": {
            "1": {
              "accuracy": 0.4422,
              "loss": 1.486780372262001,
              "q_level": 8,
              "post_train_accuracy": 0.5008,
              "post_train_loss": 1.353907310962677
            },
            "2": {
              "accuracy": 0.8863333333333333,
              "loss": 0.30515585348327107,
              "q_level": 8,
              "post_train_accuracy": 0.8865,
              "post_train_loss": 0.2984859213391517
            },
            "3": {
              "accuracy": 0.9701666666666666,
              "loss": 0.10312923891073529,
              "q_level": 8,
              "post_train_accuracy": 0.9708333333333333,
              "post_train_loss": 0.10278878426872828
            }
          }
        },
        {
          "step": 1,
          "services": {
            "1": {
              "action": {
                "n_clients": 3,
                "cpu_frequency": 1617562624.0,
                "bandwidth": 13723825.0,
                "quantization_level": 32
              },
              "accuracy": 0.4468,
              "loss": 1.4873544976115227,
              "reward": -57644.34416179657,
              "q_level": 32,
              "post_train_accuracy": 0.5648,
              "post_train_loss": 1.2054713197052478
            },
            "2": {
              "action": {
                "n_clients": 3,
                "cpu_frequency": 1938303744.0,
                "bandwidth": 15212055.0,
                "quantization_level": 32
              },
              "accuracy": 0.8863333333333333,
              "loss": 0.30515585348327107,
              "reward": -2016478.2413871405,
              "q_level": 32,
              "post_train_accuracy": 0.8925,
              "post_train_loss": 0.28364440553048825
            },
            "3": {
              "action": {
                "n_clients": 3,
                "cpu_frequency": 1968959360.0,
                "bandwidth": 13163122.0,
                "quantization_level": 32
              },
              "accuracy": 0.9701666666666666,
              "loss": 0.10312923891073529,
              "reward": -1403784.077295378,
              "q_level": 32,
              "post_train_accuracy": 0.9705,
              "post_train_loss": 0.1021365910481186
            }
          }
        },
        {
          "step": 2,
          "services": {
            "1": {
              "action": {
                "n_clients": 2,
                "cpu_frequency": 1350928512.0,
                "bandwidth": 13124595.0,
                "quantization_level": 32
              },
              "accuracy": 0.4952,
              "loss": 1.352674962580204,
              "reward": -35263.19575491477,
              "q_level": 32,
              "post_train_accuracy": 0.6052,
              "post_train_loss": 1.1102964565157891
            },
            "2": {
              "action": {
                "n_clients": 4,
                "cpu_frequency": 1244369408.0,
                "bandwidth": 9285763.0,
                "quantization_level": 32
              },
              "accuracy": 0.8865,
              "loss": 0.2984859213391517,
              "reward": -2017068.433552447,
              "q_level": 32,
              "post_train_accuracy": 0.892,
              "post_train_loss": 0.2810563831094732
            },
            "3": {
              "action": {
                "n_clients": 3,
                "cpu_frequency": 1744627456.0,
                "bandwidth": 19397196.0,
                "quantization_level": 32
              },
              "accuracy": 0.9701666666666666,
              "loss": 0.0,
              "reward": -1554008.0394258192,
              "q_level": 32,
              "post_train_accuracy": 0.972,
              "post_train_loss": 0.10140310625169188
            }
          }
        },
        {
          "step": 3,
          "services": {
            "1": {
              "action": {
                "n_clients": 2,
                "cpu_frequency": 1336071936.0,
                "bandwidth": 13446907.0,
                "quantization_level": 32
              },
              "accuracy": 0.5544,
              "loss": 1.2326381489634515,
              "reward": -42005.57980333948,
              "q_level": 32
            },
            "2": {
              "action": {
                "n_clients": 3,
                "cpu_frequency": 1226319488.0,
                "bandwidth": 9194146.0,
                "quantization_level": 32
              },
              "accuracy": 0.8925,
              "loss": 0.28364440553048825,
              "reward": -2017098.9595121911,
              "q_level": 32
            },
            "3": {
              "action": {
                "n_clients": 3,
                "cpu_frequency": 1755188480.0,
                "bandwidth": 19568872.0,
                "quantization_level": 32
              },
              "accuracy": 0.9705,
              "loss": 0.1021365910481186,
              "reward": -1512566.9443599829,
              "q_level": 32
            }
          }
        }
      ],
      [
        {
          "step": 0,
          "services": {
            "1": {
              "accuracy": 0.601,
              "loss": 1.1239235699176788,
              "q_level": 32,
              "post_train_accuracy": 0.6348,
              "post_train_loss": 1.0366728469729423
            },
            "2": {
              "accuracy": 0.892,
              "loss": 0.2810563831094732,
              "q_level": 32,
              "post_train_accuracy": 0.8963333333333333,
              "post_train_loss": 0.27055951239580806
            },
            "3": {
              "accuracy": 0.972,
              "loss": 0.10140310625169188,
              "q_level": 32,
              "post_train_accuracy": 0.9721666666666666,
              "post_train_loss": 0.10053395928735746
            }
          }
        },
        {
          "step": 1,
          "services": {
            "1": {
              "action": {
                "n_clients": 3,