{
  "config": {
    "N": 5,
    "R": 3,
    "T": 5,
    "tau": 3,
    "rho": 1.0,
    "learning_rates": {
      "fl": 0.001,
      "actor": 0.001,
      "critic": 0.001
    },
    "model_architectures": {
      "r1": "四层CNN(48,96,192,256)+FC(512,64,10)",
      "r2": "双层CNN(32,64)+FC(64,10)",
      "r3": "双层MLP(128,10)"
    }
  },
  "baseline_fl_training": {},
  "training_results": {
    "episode_rewards": {
      "1": [
        -1363519.619361834,
        -1739696.5129430443
      ],
      "2": [
        -60546046.39321234,
        -60546681.27733064
      ],
      "3": [
        -43196848.44893351,
        -43197479.20335202
      ]
    },
    "episode_lengths": [
      3,
      3
    ],
    "cumulative_rewards": {
      "1": [
        -1289076.117465979,
        -1654230.948566874
      ],
      "2": [
        -57568338.62024966,
        -57569205.658265054
      ],
      "3": [
        -41129604.984079026,
        -41130191.87269755
      ]
    },
    "training_metrics": {},
    "accuracy_trends": {
      "1": [
        0.16796875,
        0.27734375,
        0.44921875,
        0.640625,
        0.5703125,
        0.46484375
      ],
      "2": [
        0.8671875,
        0.86328125,
        0.8671875,
        0.88671875,
        0.8671875,
        0.8359375
      ],
      "3": [
        0.9765625,
        0.9765625,
        0.9765625,
        0.9921875,
        0.96875,
        0.96875
      ]
    },
    "action_logs": [
      [
        {
          "step": 1,
          "services": {
            "1": {
              "action": {
                "n_clients": 2,
                "cpu_frequency": 1617562624.0,
                "bandwidth": 13723825.0,
                "quantization_level": 32
              },
              "accuracy": 0.16796875,
              "loss": 2.206762671470642,
              "reward": -425746.66883279354,
              "q_level": 32
            },
            "2": {
              "action": {
                "n_clients": 3,
                "cpu_frequency": 1938303744.0,
                "bandwidth": 15212055.0,
                "quantization_level": 32
              },
              "accuracy": 0.8671875,
              "loss": 0.39827217906713486,
              "reward": -20173540.32754836,
              "q_level": 32
            },
            "3": {
              "action": {
                "n_clients": 3,
                "cpu_frequency": 1968959360.0,
                "bandwidth": 13163122.0,
                "quantization_level": 32
              },
              "accuracy": 0.9765625,
              "loss": 0.11187285929918289,
              "reward": -15166986.748108668,
              "q_level": 32
            }
          }
        },
        {
          "step": 2,
          "services": {
            "1": {
              "action": {
                "n_clients": 2,
                "cpu_frequency": 1411063808.0,
                "bandwidth": 12795849.0,
                "quantization_level": 32
              },
              "accuracy": 0.27734375,
              "loss": 5.0811463594436646,
              "reward": -357670.753278455,
              "q_level": 32
            },
            "2": {
              "action": {
                "n_clients": 4,
                "cpu_frequency": 1249767680.0,
                "bandwidth": 9159878.0,
                "quantization_level": 32
              },
              "accuracy": 0.86328125,
              "loss": 0.9845860749483109,
              "reward": -20181296.17767506,
              "q_level": 32
            },
            "3": {
              "action": {
                "n_clients": 3,
                "cpu_frequency": 1746118400.0,
                "bandwidth": 19399260.0,
                "quantization_level": 32
              },
              "accuracy": 0.9765625,
              "loss": 0.2205038971733302,
              "reward": -14014064.231072249,
              "q_level": 32
            }
          }
        },
        {
          "step": 3,
          "services": {
            "1": {
              "action": {
                "n_clients": 3,
                "cpu_frequency": 1163798528.0,
                "bandwidth": 14091148.0,
                "quantization_level": 32
              },
              "accuracy": 0.44921875,
              "loss": 19.353490352630615,
              "reward": -580102.1972505853,
              "q_level": 32
            },
            "2": {
              "action": {
                "n_clients": 4,
                "cpu_frequency": 1265145088.0,
                "bandwidth": 8502290.0,
                "quantization_level": 32
              },
              "accuracy": 0.8671875,
              "loss": 1.3856494426727295,
              "reward": -20191209.887988918,
              "q_level": 32
            },
            "3": {
              "action": {
                "n_clients": 3,
                "cpu_frequency": 1771180032.0,
                "bandwidth": 19248524.0,
                "quantization_level": 32
              },
              "accuracy": 0.9765625,
              "loss": 0.2301344182342291,
              "reward": -14015797.469752599,
              "q_level": 32
            }
          }
        }
      ],
      [
        {
          "step": 1,
          "services": {
            "1": {
              "action": {
                "n_clients": 3,
                "cpu_frequency": 1617562624.0,
                "bandwidth": 13723825.0,
                "quantization_level": 32
              },
              "accuracy": 0.640625,
              "loss": 15.013623714447021,
              "reward": -580844.9836099425,
              "q_level": 32
            },
            "2": {
              "action": {
                "n_clients": 3,
                "cpu_frequency": 1938303744.0,
                "bandwidth": 15212055.0,
                "quantization_level": 32
              },
              "accuracy": 0.88671875,
              "loss": 0.8408035561442375,
              "reward": -20173541.484437414,
              "q_level": 32
            },
            "3": {
              "action": {
                "n_clients": 3,
                "cpu_frequency": 1968959360.0,
                "bandwidth": 13163122.0,
                "quantization_level": 32
              },
              "accuracy": 0.9921875,
              "loss": 0.1625961783574894,
              "reward": -15166986.428761546,
              "q_level": 32
            }
          }
        },
        {
          "step": 2,
          "services": {
            "1": {
              "action": {
                "n_clients": 3,
                "cpu_frequency": 578842752.0,
                "bandwidth": 14789491.0,
                "quantization_level": 32
              },
              "accuracy": 0.5703125,
              "loss": 10.288005113601685,
              "reward": -579420.2049222571,
              "q_level": 32
            },
            "2": {
              "action": {
                "n_clients": 3,
                "cpu_frequency": 1282096896.0,
                "bandwidth": 8812108.0,
                "quantization_level": 32
              },
              "accuracy": 0.8671875,
              "loss": 0.6929032579064369,
              "reward": -20187484.436663453,
              "q_level": 32
            },
            "3": {
              "action": {
                "n_clients": 3,
                "cpu_frequency": 1750480000.0,
                "bandwidth": 19340774.0,
                "quantization_level": 32
              },
              "accuracy": 0.96875,
              "loss": 0.27563474606722593,
              "reward": -14014436.102486266,
              "q_level": 32
            }
          }
        },
        {
          "step": 3,
          "services": {
            "1": {
              "action": {
                "n_clients": 3,
                "cpu_frequency": 753888000.0,
                "bandwidth": 15798821.0,
                "quantization_level": 32
              },