{
  "config": {
    "N": 5,
    "R": 3,
    "T": 5,
    "tau": 3,
    "rho": 1.0,
    "learning_rates": {
      "fl": 0.001,
      "actor": 0.001,
      "critic": 0.001
    },
    "model_architectures": {
      "r1": "四层CNN(48,96,192,256)+FC(512,64,10)",
      "r2": "双层CNN(32,64)+FC(64,10)",
      "r3": "双层MLP(128,10)"
    }
  },
  "baseline_fl_training": {},
  "training_results": {
    "episode_rewards": {
      "1": [
        -1072872.49350944,
        -1740059.5981266228
      ],
      "2": [
        -1937245.4518505163,
        -1937079.091763349
      ],
      "3": [
        -2175399.616836731,
        -2081528.398991755
      ]
    },
    "episode_lengths": [
      3,
      3
    ],
    "cumulative_rewards": {
      "1": [
        -1020148.4927961889,
        -1654559.2847191477
      ],
      "2": [
        -1841970.1685368866,
        -1841823.8522039424
      ],
      "3": [
        -2068574.0472543633,
        -1981915.0165336481
      ]
    },
    "training_metrics": {},
    "accuracy_trends": {
      "1": [
        0.16796875,
        0.2890625,
        0.42578125,
        0.60546875,
        0.4921875,
        0.47265625
      ],
      "2": [
        0.85546875,
        0.85546875,
        0.890625,
        0.8828125,
        0.86328125,
        0.8671875
      ],
      "3": [
        0.9765625,
        0.9765625,
        0.9765625,
        0.9765625,
        0.96875,
        0.9765625
      ]
    },
    "action_logs": [
      [
        {
          "step": 1,
          "services": {
            "1": {
              "action": {
                "n_clients": 2,
                "cpu_frequency": 1617562624.0,
                "bandwidth": 13723825.0,
                "quantization_level": 32
              },
              "accuracy": 0.16796875,
              "loss": 2.2111766934394836,
              "reward": -357864.7252845181,
              "q_level": 32
            },
            "2": {
              "action": {
                "n_clients": 3,
                "cpu_frequency": 1938303744.0,
                "bandwidth": 15212055.0,
                "quantization_level": 32
              },
              "accuracy": 0.85546875,
              "loss": 0.4447277933359146,
              "reward": -645468.2445763317,
              "q_level": 32
            },
            "3": {
              "action": {
                "n_clients": 3,
                "cpu_frequency": 1968959360.0,
                "bandwidth": 13163122.0,
                "quantization_level": 32
              },
              "accuracy": 0.9765625,
              "loss": 0.10540147311985493,
              "reward": -750770.6013212558,
              "q_level": 32
            }
          }
        },
        {
          "step": 2,
          "services": {
            "1": {
              "action": {
                "n_clients": 2,
                "cpu_frequency": 1410546176.0,
                "bandwidth": 12798671.0,
                "quantization_level": 32
              },
              "accuracy": 0.2890625,
              "loss": 4.509343147277832,
              "reward": -357668.56186692324,
              "q_level": 32
            },
            "2": {
              "action": {
                "n_clients": 4,
                "cpu_frequency": 1254178560.0,
                "bandwidth": 9099707.0,
                "quantization_level": 32
              },
              "accuracy": 0.85546875,
              "loss": 0.9597364068031311,
              "reward": -645747.2504337524,
              "q_level": 32
            },
            "3": {
              "action": {
                "n_clients": 3,
                "cpu_frequency": 1745568768.0,
                "bandwidth": 19408054.0,
                "quantization_level": 32
              },
              "accuracy": 0.9765625,
              "loss": 0.18525428557768464,
              "reward": -675279.1459029767,
              "q_level": 32
            }
          }
        },
        {
          "step": 3,
          "services": {
            "1": {
              "action": {
                "n_clients": 2,
                "cpu_frequency": 1230081024.0,
                "bandwidth": 13631725.0,
                "quantization_level": 32
              },
              "accuracy": 0.42578125,
              "loss": 19.549804210662842,
              "reward": -357339.20635799866,
              "q_level": 32
            },
            "2": {
              "action": {
                "n_clients": 4,
                "cpu_frequency": 1262471552.0,
                "bandwidth": 8492775.0,
                "quantization_level": 32
              },
              "accuracy": 0.890625,
              "loss": 1.3231214880943298,
              "reward": -646029.9568404322,
              "q_level": 32
            },
            "3": {
              "action": {
                "n_clients": 3,
                "cpu_frequency": 1769426176.0,
                "bandwidth": 19306584.0,
                "quantization_level": 32
              },
              "accuracy": 0.9765625,
              "loss": 0.3139130678027868,
              "reward": -749349.8696124983,
              "q_level": 32
            }
          }
        }
      ],
      [
        {
          "step": 1,
          "services": {
            "1": {
              "action": {
                "n_clients": 3,
                "cpu_frequency": 1617562624.0,
                "bandwidth": 13723825.0,
                "quantization_level": 32
              },
              "accuracy": 0.60546875,
              "loss": 14.674571752548218,
              "reward": -580848.4992349425,
              "q_level": 32
            },
            "2": {
              "action": {
                "n_clients": 3,
                "cpu_frequency": 1938303744.0,
                "bandwidth": 15212055.0,
                "quantization_level": 32
              },
              "accuracy": 0.8828125,
              "loss": 0.6254628673195839,
              "reward": -645465.9878994906,
              "q_level": 32
            },
            "3": {
              "action": {
                "n_clients": 3,
                "cpu_frequency": 1968959360.0,
                "bandwidth": 13163122.0,
                "quantization_level": 32
              },
              "accuracy": 0.9765625,
              "loss": 0.25481317564845085,
              "reward": -730844.1368161329,
              "q_level": 32
            }
          }
        },
        {
          "step": 2,
          "services": {
            "1": {
              "action": {
                "n_clients": 3,
                "cpu_frequency": 585516608.0,
                "bandwidth": 14830718.0,
                "quantization_level": 32
              },
              "accuracy": 0.4921875,
              "loss": 6.487797379493713,
              "reward": -579426.7101992401,
              "q_level": 32
            },
            "2": {
              "action": {
                "n_clients": 3,
                "cpu_frequency": 1262824448.0,
                "bandwidth": 8932324.0,
                "quantization_level": 32
              },
              "accuracy": 0.86328125,
              "loss": 0.5457412973046303,
              "reward": -645832.3803646193,
              "q_level": 32
            },
            "3": {
              "action": {
                "n_clients": 3,
                "cpu_frequency": 1756708224.0,
                "bandwidth": 19188270.0,
                "quantization_level": 32
              },
              "accuracy": 0.96875,
              "loss": 0.18174580670893192,
              "reward": -675333.3285056078,
              "q_level": 32
            }
          }
        },
        {
          "step": 3,
          "services": {
            "1": {
              "action": {
                "n_clients": 3,
                "cpu_frequency": 1024507136.0,
                "bandwidth": 15120624.0,
                "quantization_level": 32
              },