{
  "config": {
    "N": 5,
    "R": 3,
    "T": 5,
    "tau": 3,
    "rho": 1.0,
    "learning_rates": {
      "fl": 0.001,
      "actor": 0.001,
      "critic": 0.001
    },
    "model_architectures": {
      "r1": "四层CNN(48,96,192,256)+FC(512,64,10)",
      "r2": "双层CNN(32,64)+FC(64,10)",
      "r3": "双层MLP(128,10)"
    }
  },
  "baseline_fl_training": {},
  "training_results": {
    "episode_rewards": {
      "1": [
        -1295920.9593169766,
        -1585925.4974378967
      ],
      "2": [
        -60568197.18750705,
        -60535612.50574401
      ],
      "3": [
        -44748437.36540824,
        -45080836.897574425
      ]
    },
    "episode_lengths": [
      3,
      3
    ],
    "cumulative_rewards": {
      "1": [
        -1243196.6582967255,
        -1515464.5567546196
      ],
      "2": [
        -57589594.24570519,
        -57559183.47372294
      ],
      "3": [
        -42530682.71202023,
        -42829932.87149054
      ]
    },
    "training_metrics": {},
    "accuracy_trends": {
      "1": [
        0.0976,
        0.0986,
        0.0986,
        0.2738,
        0.4292,
        0.425,
        0.425,
        0.5466
      ],
      "2": [
        0.0265,
        0.0265,
        0.0265,
        0.887,
        0.9011666666666667,
        0.9011666666666667,
        0.9011666666666667,
        0.8735
      ],
      "3": [
        0.10816666666666666,
        0.10816666666666666,
        0.10816666666666666,
        0.9736666666666667,
        0.975,
        0.975,
        0.975,
        0.9651666666666666
      ]
    },
    "action_logs": [
      [
        {
          "step": 0,
          "services": {
            "1": {
              "accuracy": 0.0976,
              "loss": 2.3073601216077804,
              "q_level": 8
            },
            "2": {
              "accuracy": 0.0265,
              "loss": 2.3097614557185073,
              "q_level": 8
            },
            "3": {
              "accuracy": 0.10816666666666666,
              "loss": 2.2956151176006236,
              "q_level": 8
            }
          }
        },
        {
          "step": 1,
          "services": {
            "1": {
              "action": {
                "n_clients": 3,
                "cpu_frequency": 1617562624.0,
                "bandwidth": 13723825.0,
                "quantization_level": 32
              },
              "accuracy": 0.0986,
              "loss": 2.3073349446058273,
              "reward": -580899.1861099425,
              "q_level": 32
            },
            "2": {
              "action": {
                "n_clients": 3,
                "cpu_frequency": 1938303744.0,
                "bandwidth": 15212055.0,
                "quantization_level": 32
              },
              "accuracy": 0.0265,
              "loss": 2.3097614557185073,
              "reward": -20173627.506312415,
              "q_level": 32
            },
            "3": {
              "action": {
                "n_clients": 3,
                "cpu_frequency": 1968959360.0,
                "bandwidth": 13163122.0,
                "quantization_level": 32
              },
              "accuracy": 0.10816666666666666,
              "loss": 2.2956151176006236,
              "reward": -15167074.83084488,
              "q_level": 32
            }
          }
        },
        {
          "step": 2,
          "services": {
            "1": {
              "action": {
                "n_clients": 2,
                "cpu_frequency": 1404236928.0,
                "bandwidth": 12704514.0,
                "quantization_level": 32
              },
              "accuracy": 0.0986,
              "loss": 0.0,
              "reward": -357690.9866828396,
              "q_level": 32
            },
            "2": {
              "action": {
                "n_clients": 4,
                "cpu_frequency": 1508785152.0,
                "bandwidth": 8230385.0,
                "quantization_level": 32
              },
              "accuracy": 0.0265,
              "loss": 0.0,
              "reward": -20207738.99188656,
              "q_level": 32
            },
            "3": {
              "action": {
                "n_clients": 3,
                "cpu_frequency": 1965476608.0,
                "bandwidth": 18124122.0,
                "quantization_level": 32
              },
              "accuracy": 0.10816666666666666,
              "loss": 0.0,
              "reward": -14030067.236461293,
              "q_level": 32
            }
          }
        },
        {
          "step": 3,
          "services": {
            "1": {
              "action": {
                "n_clients": 2,
                "cpu_frequency": 1295300096.0,
                "bandwidth": 14625090.0,
                "quantization_level": 32
              },
              "accuracy": 0.2738,
              "loss": 4.661141124367714,
              "reward": -357330.78652419447,
              "q_level": 32
            },
            "2": {
              "action": {
                "n_clients": 4,
                "cpu_frequency": 1309388032.0,
                "bandwidth": 8950939.0,
                "quantization_level": 32
              },
              "accuracy": 0.887,
              "loss": 0.7246811052269124,
              "reward": -20186830.68930808,
              "q_level": 32
            },
            "3": {
              "action": {
                "n_clients": 3,
                "cpu_frequency": 1743637120.0,
                "bandwidth": 18672284.0,
                "quantization_level": 32
              },
              "accuracy": 0.9736666666666667,
              "loss": 0.16293798891324804,
              "reward": -15551295.298102073,
              "q_level": 32
            }
          }
        }
      ],
      [
        {
          "step": 0,
          "services": {
            "1": {
              "accuracy": 0.4292,
              "loss": 20.172983932495118,
              "q_level": 32
            },
            "2": {
              "accuracy": 0.9011666666666667,
              "loss": 0.8135040520908351,
              "q_level": 32
            },
            "3": {
              "accuracy": 0.975,
              "loss": 0.18909835468038994,
              "q_level": 32
            }
          }
        },
        {
          "step": 1,
          "services": {
            "1": {
              "action": {
                "n_clients": 3,
                "cpu_frequency": 1617562624.0,
                "bandwidth": 13723825.0,
                "quantization_level": 32
              },
              "accuracy": 0.425,
              "loss": 20.162517285346986,
              "reward": -580866.5461099425,
              "q_level": 32
            },
            "2": {
              "action": {
                "n_clients": 3,
                "cpu_frequency": 1938303744.0,
                "bandwidth": 15212055.0,
                "quantization_level": 32
              },
              "accuracy": 0.9011666666666667,
              "loss": 0.8135040520908351,
              "reward": -20173540.03964575,
              "q_level": 32
            },
            "3": {
              "action": {
                "n_clients": 3,
                "cpu_frequency": 1968959360.0,
                "bandwidth": 13163122.0,
                "quantization_level": 32
              },
              "accuracy": 0.975,
              "loss": 0.18909835468038994,
              "reward": -15166988.147511546,
              "q_level": 32
            }
          }
        },
        {
          "step": 2,
          "services": {
            "1": {
              "action": {
                "n_clients": 4,
                "cpu_frequency": 516876192.0,
                "bandwidth": 13274045.0,
                "quantization_level": 32
              },
              "accuracy": 0.425,
              "loss": 0.0,
              "reward": -579627.517288389,
              "q_level": 32
            },